Names,Predictions
H. Renfrow LV - WR,18.225999999999985
D. Samuel SF - WR,19.865999999999975
K. Allen LAC - WR,19.17699999999998
J. Waddle Mia - WR,18.712999999999976
M. Evans TB - WR,19.10599999999998
