Names,Predictions
H. Renfrow LV - WR,20.243
D. Samuel SF - WR,15.983999999999996
K. Allen LAC - WR,21.44799999999999
J. Waddle Mia - WR,23.58000000000001
M. Evans TB - WR,24.938000000000006
